thread,scope,calls,inclusive_ms,self_ms,thread_cpu_ms,self_thread_cpu_ms
render [0],GrassRenderer::draw,6,4860.294586999999,4860.294586999999,4857.7526880000005,4857.7526880000005
render [0],atmosphere,3,4238.949140000001,4238.949140000001,8.604125,8.604125
render [0],TerrainSurface::refineShoreline,2,1947.456482,1947.456482,1946.7408329999998,1946.7408329999998
render [0],reflection_atmosphere,3,1779.531124,1779.531124,3.30863,3.30863
render [0],present,3,380.70187799999997,380.70187799999997,1.078848,1.078848
render [0],TerrainSurface::buildGeometryForEye,2,2273.7167339999996,326.26025200000004,2272.770145,326.02931199999995
render [0],opaque,3,2874.235146,227.05895000000007,2782.900042,136.88632900000005
render [0],placeGrass,2,206.47397,206.47397,206.464146,206.464146
render [0],reflection,3,2376.008702,162.351902,2374.541521,162.28782299999995
render [0],batchGrass,2,75.377786,75.377786,75.316889,75.316889
render [0],water,3,60.713922999999994,60.590513,60.699434,60.576013
render [0],shadows,3,33.454637,33.454637,33.456388000000004,33.456388000000004
render [0],Renderer::installLandMesh,1,4.365018,4.365018,4.365582000000001,4.365582000000001
render [0],GrassRenderer::upload,2,4.059638,4.059638,4.062131,4.062131
render [0],Renderer::preparePlanetMeshes,3,2279.397456,1.2593549999998586,2278.449721,1.2591230000000109
render [0],GrassRenderer::prepare,6,287.080706,1.1693119999999795,286.207178,0.36401199999997924
render [0],capture.frame,3,14312.548626,1.0267459999993298,7831.691051,1.02216899999981
render [0],renderScene,3,11651.192375999999,0.9468539999998175,5550.911937999999,0.9239829999999054
render [0],setBodyLighting,21,0.6618190000000002,0.6618190000000002,0.6381440000000002,0.6381440000000002
render [0],foliage,3,287.26352699999995,0.18282100000000093,286.388019,0.18084100000002395
render [0],update,3,0.109463,0.109463,0.10833899999999999,0.10833899999999999
render [0],mesh,3,2279.488453,0.09099700000009686,2278.5400280000003,0.09030700000023097
render [0],terrain.build_land_and_water,1,2273.773083,0.05634900000001653,2272.825016,0.05487099999995553
render [0],tables,3,0.050789,0.050789,0.051242,0.051242
render [0],lighting,3,0.038534,0.038534,0.038554000000000005,0.038554000000000005
render [0],overlay,3,0.02971,0.02971,0.029729000000000005,0.029729000000000005
