iteration,placement_ms,placement_cpu_ms,blades,checksum,lod_batch_ms,old_vertices,old_triangles,old_instance_bytes,new_blades,new_vertices,new_triangles,new_instance_bytes,new_batches
0,98.462238,98.421,162828,16316014324999664024,33.595085,1477562,1151906,6513120,146510,1081766,788746,5860400,6
1,95.199731,95.169,162828,16316014324999664024,34.830491,1477562,1151906,6513120,146510,1081766,788746,5860400,6
2,96.593481,96.558,162828,16316014324999664024,33.756522,1477562,1151906,6513120,146510,1081766,788746,5860400,6
3,99.128765,99.119,162828,16316014324999664024,36.22187,1477562,1151906,6513120,146510,1081766,788746,5860400,6
4,98.935157,98.911,162828,16316014324999664024,36.007437,1477562,1151906,6513120,146510,1081766,788746,5860400,6
5,94.269045,94.249,162828,16316014324999664024,33.358736,1477562,1151906,6513120,146510,1081766,788746,5860400,6
6,92.88538,92.877,162828,16316014324999664024,34.352495,1477562,1151906,6513120,146510,1081766,788746,5860400,6
7,96.826966,96.776,162828,16316014324999664024,35.084609,1477562,1151906,6513120,146510,1081766,788746,5860400,6
8,96.579466,96.552,162828,16316014324999664024,36.099771,1477562,1151906,6513120,146510,1081766,788746,5860400,6
9,99.685224,99.676,162828,16316014324999664024,36.01468,1477562,1151906,6513120,146510,1081766,788746,5860400,6
10,100.083865,100.061,162828,16316014324999664024,36.520369,1477562,1151906,6513120,146510,1081766,788746,5860400,6
11,98.513165,98.493,162828,16316014324999664024,34.603015,1477562,1151906,6513120,146510,1081766,788746,5860400,6
