frame,simulation_s,frame_ms,gpu_valid,gpu_ms,shadow_updates,shadow_reuses,mesh_uploads,scene_reuses,terrain_build_ms,foliage_rebuilds,foliage_placement_ms,foliage_sort_ms,foliage_upload_ms,cpu_update_ms,gpu_update_ms,cpu_mesh_ms,gpu_mesh_ms,cpu_lighting_ms,gpu_lighting_ms,cpu_foliage_ms,gpu_foliage_ms,cpu_tables_ms,gpu_tables_ms,cpu_shadows_ms,gpu_shadows_ms,cpu_opaque_ms,gpu_opaque_ms,cpu_reflection_ms,gpu_reflection_ms,cpu_reflection_atmosphere_ms,gpu_reflection_atmosphere_ms,cpu_water_ms,gpu_water_ms,cpu_atmosphere_ms,gpu_atmosphere_ms,cpu_cached_present_ms,gpu_cached_present_ms,cpu_overlay_ms,gpu_overlay_ms,cpu_present_ms,gpu_present_ms
0,20,7187.49792,1,4517.83112,2,0,2,0,2493.14153,1,113.766792,37.609212,11.275815,0.000336,0,2499.2559,0,0.016877,0,162.698714,0,8.973068,66.611918,102.183133,167.994843,1261.77381,1518.36018,823.318431,725.7543,641.506632,364.833225,35.125976,50.384349,1558.72042,1623.89224,0,0,0.003799,7.3e-05,87.572945,0
1,20,1302.61394,1,6.442741,0,0,0,1,0,0,0,0,0,0.019986,0,0.025506,0,0,0,0,0,0,0,0,0,0,0,0,0,0,0,0,0,0,0,1184.67205,6.442658,0.002423,8.3e-05,117.63596,0
2,20,131.616477,1,6.648723,0,0,0,1,0,0,0,0,0,0.020421,0,0.051249,0,0,0,0,0,0,0,0,0,0,0,0,0,0,0,0,0,0,0,0.431968,6.648644,0.004614,7.9e-05,130.783312,0
3,20,126.857898,1,6.014493,0,0,0,1,0,0,0,0,0,0.020994,0,0.029451,0,0,0,0,0,0,0,0,0,0,0,0,0,0,0,0,0,0,0,0.491019,6.014418,0.002995,7.5e-05,126.054483,0
4,20,120.937532,1,5.746596,0,0,0,1,0,0,0,0,0,0.019375,0,0.027012,0,0,0,0,0,0,0,0,0,0,0,0,0,0,0,0,0,0,0,0.407923,5.746522,0.002522,7.4e-05,120.188583,0
5,20,122.904386,1,5.919518,0,0,0,1,0,0,0,0,0,0.020008,0,0.05037,0,0,0,0,0,0,0,0,0,0,0,0,0,0,0,0,0,0,0,0.420765,5.91944,0.002597,7.8e-05,122.185821,0
6,20,119.91401,1,5.8973,0,0,0,1,0,0,0,0,0,0.019632,0,0.026,0,0,0,0,0,0,0,0,0,0,0,0,0,0,0,0,0,0,0,0.411027,5.897227,0.002903,7.3e-05,119.204128,0
7,20,127.790625,1,6.595271,0,0,0,1,0,0,0,0,0,0.019563,0,0.025727,0,0,0,0,0,0,0,0,0,0,0,0,0,0,0,0,0,0,0,0.415742,6.595085,0.00248,0.000186,127.100825,0
8,20,156.25941,1,9.151701,0,0,0,1,0,0,0,0,0,0.028138,0,0.035244,0,0,0,0,0,0,0,0,0,0,0,0,0,0,0,0,0,0,0,0.490925,9.151564,0.003718,0.000137,155.354101,0
9,20,166.079647,1,6.639793,0,0,0,1,0,0,0,0,0,0.020796,0,0.028274,0,0,0,0,0,0,0,0,0,0,0,0,0,0,0,0,0,0,0,0.381361,6.639562,0.002943,0.000231,165.419708,0
10,20,131.191975,1,6.604131,0,0,0,1,0,0,0,0,0,0.029483,0,0.070295,0,0,0,0,0,0,0,0,0,0,0,0,0,0,0,0,0,0,0,0.491438,6.604063,0.003839,6.8e-05,130.247737,0
11,20,121.052864,1,5.8837,0,0,0,1,0,0,0,0,0,0.020456,0,0.02576,0,0,0,0,0,0,0,0,0,0,0,0,0,0,0,0,0,0,0,0.386687,5.883621,0.003424,7.9e-05,120.36853,0
12,20,120.650589,1,6.140545,0,0,0,1,0,0,0,0,0,0.029357,0,0.02817,0,0,0,0,0,0,0,0,0,0,0,0,0,0,0,0,0,0,0,0.509407,6.140374,0.003591,0.000171,119.78549,0
13,20,0.747675,1,5.956327,0,0,0,1,0,0,0,0,0,0.019185,0,0.026573,0,0,0,0,0,0,0,0,0,0,0,0,0,0,0,0,0,0,0,0.480852,5.95625,0.00364,7.7e-05,0,0
