iteration,placement_ms,placement_cpu_ms,blades,checksum
0,53.904699,53.529,162828,16316014324999664024
1,52.03823,52.019,162828,16316014324999664024
2,50.903356,50.9,162828,16316014324999664024
3,53.609714,53.517,162828,16316014324999664024
4,52.735629,52.733,162828,16316014324999664024
5,51.824121,51.79,162828,16316014324999664024
6,58.471355,58.261,162828,16316014324999664024
7,51.056756,50.979,162828,16316014324999664024
8,51.286541,51.238,162828,16316014324999664024
9,52.96932,52.909,162828,16316014324999664024
10,52.685312,52.682,162828,16316014324999664024
11,52.679934,52.52,162828,16316014324999664024
